{
    "bold": {
        "0": 5.9285736083984375,
        "1": 5.9285736083984375,
        "2": 5.9285736083984375,
        "3": 5.9285736083984375,
        "4": 5.9285736083984375,
        "5": 5.9285736083984375,
        "6": 5.9285736083984375,
        "7": 5.9285736083984375,
        "8": 5.9285736083984375,
        "9": 5.9285736083984375,
        "!": 3.5498504638671875,
        "\"": 5.0541229248046875,
        "#": 5.9285736083984375,
        "$": 5.9285736083984375,
        "%": 9.478424072265625,
        "&": 7.6982879638671875,
        "'": 2.5348663330078125,
        "(": 3.5498504638671875,
        ")": 3.5498504638671875,
        "*": 4.1484375,
        "+": 6.2252655029296875,
        ",": 2.9616851806640625,
        "-": 3.5498504638671875,
        ".": 2.9616851806640625,
        "/": 2.9616851806640625,
        ":": 3.5498504638671875,
        ";": 3.5498504638671875,
        "<": 6.2252655029296875,
        "=": 6.2252655029296875,
        ">": 6.2252655029296875,
        "?": 6.51153564453125,
        "@": 10.394515991210938,
        "A": 7.6982879638671875,
        "B": 7.6982879638671875,
        "C": 7.6982879638671875,
        "D": 7.6982879638671875,
        "E": 7.1101226806640625,
        "F": 6.51153564453125,
        "G": 8.291671752929688,
        "H": 7.6982879638671875,
        "I": 2.9616851806640625,
        "J": 5.9285736083984375,
        "K": 7.6982879638671875,
        "L": 6.51153564453125,
        "M": 8.879852294921875,
        "N": 7.6982879638671875,
        "O": 8.291671752929688,
        "P": 7.1101226806640625,
        "Q": 8.291671752929688,
        "R": 7.6982879638671875,
        "S": 7.1101226806640625,
        "T": 6.51153564453125,
        "U": 7.6982879638671875,
        "V": 7.1101226806640625,
        "W": 10.0614013671875,
        "X": 7.1101226806640625,
        "Y": 7.1101226806640625,
        "Z": 6.51153564453125,
        "[": 3.5498504638671875,
        "\\": 2.9616851806640625,
        "]": 3.5498504638671875,
        "^": 6.2252655029296875,
        "_": 5.9285736083984375,
        "`": 3.5498504638671875,
        "a": 5.9285736083984375,
        "b": 6.51153564453125,
        "c": 5.9285736083984375,
        "d": 6.51153564453125,
        "e": 5.9285736083984375,
        "f": 3.5498504638671875,
        "g": 6.51153564453125,
        "h": 6.51153564453125,
        "i": 2.9616851806640625,
        "j": 2.9616851806640625,
        "k": 5.9285736083984375,
        "l": 2.9616851806640625,
        "m": 9.478424072265625,
        "n": 6.51153564453125,
        "o": 6.51153564453125,
        "p": 6.51153564453125,
        "q": 6.51153564453125,
        "r": 4.1484375,
        "s": 5.9285736083984375,
        "t": 3.5498504638671875,
        "u": 6.51153564453125,
        "v": 5.9285736083984375,
        "w": 8.291671752929688,
        "x": 5.9285736083984375,
        "y": 5.9285736083984375,
        "z": 5.329986572265625,
        "{": 4.1484375,
        "|": 2.9824981689453125,
        "}": 4.1484375,
        "~": 6.2252655029296875,
        "¡": 3.5498504638671875,
        "¢": 5.9285736083984375,
        "£": 5.9285736083984375,
        "¤": 5.9285736083984375,
        "¥": 5.9285736083984375,
        "¦": 2.9824981689453125,
        "§": 5.9285736083984375,
        "¨": 3.5498504638671875,
        "©": 7.8544464111328125,
        "«": 5.9285736083984375,
        "¬": 6.2252655029296875,
        "®": 7.8544464111328125,
        "¯": 5.886932373046875,
        "°": 4.262939453125,
        "±": 5.850494384765625,
        "²": 3.5498504638671875,
        "³": 3.5498504638671875,
        "´": 3.5498504638671875,
        "µ": 6.1419830322265625,
        "¶": 5.9285736083984375,
        "·": 3.5498504638671875,
        "¸": 3.5498504638671875,
        "¹": 3.5498504638671875,
        "»": 5.9285736083984375,
        "¼": 8.8902587890625,
        "½": 8.8902587890625,
        "¾": 8.8902587890625,
        "¿": 6.51153564453125,
        "À": 7.6982879638671875,
        "Á": 7.6982879638671875,
        "Â": 7.6982879638671875,
        "Ã": 7.6982879638671875,
        "Ä": 7.6982879638671875,
        "Å": 7.6982879638671875,
        "Æ": 10.659988403320312,
        "Ç": 7.6982879638671875,
        "È": 7.1101226806640625,
        "É": 7.1101226806640625,
        "Ê": 7.1101226806640625,
        "Ë": 7.1101226806640625,
        "Ì": 2.9616851806640625,
        "Í": 2.9616851806640625,
        "Î": 2.9616851806640625,
        "Ï": 2.9616851806640625,
        "Ð": 7.6982879638671875,
        "Ñ": 7.6982879638671875,
        "Ò": 8.291671752929688,
        "Ó": 8.291671752929688,
        "Ô": 8.291671752929688,
        "Õ": 8.291671752929688,
        "Ö": 8.291671752929688,
        "×": 6.2252655029296875,
        "Ø": 8.291671752929688,
        "Ù": 7.6982879638671875,
        "Ú": 7.6982879638671875,
        "Û": 7.6982879638671875,
        "Ü": 7.6982879638671875,
        "Ý": 7.1101226806640625,
        "Þ": 7.1101226806640625,
        "ß": 6.51153564453125,
        "à": 5.9285736083984375,
        "á": 5.9285736083984375,
        "â": 5.9285736083984375,
        "ã": 5.9285736083984375,
        "ä": 5.9285736083984375,
        "å": 5.9285736083984375,
        "æ": 9.478424072265625,
        "ç": 5.9285736083984375,
        "è": 5.9285736083984375,
        "é": 5.9285736083984375,
        "ê": 5.9285736083984375,
        "ë": 5.9285736083984375,
        "ì": 2.9616851806640625,
        "í": 2.9616851806640625,
        "î": 2.9616851806640625,
        "ï": 2.9616851806640625,
        "ð": 6.51153564453125,
        "ñ": 6.51153564453125,
        "ò": 6.51153564453125,
        "ó": 6.51153564453125,
        "ô": 6.51153564453125,
        "õ": 6.51153564453125,
        "ö": 6.51153564453125,
        "÷": 5.850494384765625,
        "ø": 6.51153564453125,
        "ù": 6.51153564453125,
        "ú": 6.51153564453125,
        "û": 6.51153564453125,
        "ü": 6.51153564453125,
        "ý": 5.9285736083984375,
        "þ": 6.51153564453125,
        "ÿ": 5.9285736083984375,
        "Œ": 10.659988403320312,
        "œ": 10.0614013671875,
        "Š": 7.1101226806640625,
        "š": 5.9285736083984375,
        "Ÿ": 7.1101226806640625,
        "Ƒ": 6.51153564453125,
        "ƒ": 5.9285736083984375,
        "ˆ": 3.5498504638671875,
        "˜": 3.5498504638671875,
        "Μ": 8.879852294921875,
        "Ё": 7.1309356689453125,
        "А": 7.6982879638671875,
        "Б": 7.661865234375,
        "В": 7.6982879638671875,
        "Г": 6.0430755615234375,
        "Д": 7.5941925048828125,
        "Е": 7.1101226806640625,
        "Ж": 9.63458251953125,
        "З": 6.6781005859375,
        "И": 7.661865234375,
        "Й": 7.661865234375,
        "К": 6.5063323974609375,
        "Л": 7.47967529296875,
        "М": 8.879852294921875,
        "Н": 7.6982879638671875,
        "О": 8.291671752929688,
        "П": 7.661865234375,
        "Р": 7.1101226806640625,
        "С": 7.6982879638671875,
        "Т": 6.51153564453125,
        "У": 6.631256103515625,
        "Ф": 9.098464965820312,
        "Х": 7.1101226806640625,
        "Ц": 7.786773681640625,
        "Ч": 7.4900970458984375,
        "Ш": 10.7120361328125,
        "Щ": 10.86297607421875,
        "Ъ": 9.270233154296875,
        "Ы": 10.4361572265625,
        "Ь": 7.661865234375,
        "Э": 7.5837860107421875,
        "Ю": 10.99310302734375,
        "Я": 7.661865234375,
        "а": 5.9285736083984375,
        "б": 6.58441162109375,
        "в": 6.5531768798828125,
        "г": 4.4399261474609375,
        "д": 6.7665863037109375,
        "е": 5.9285736083984375,
        "ж": 7.5577545166015625,
        "з": 5.2987518310546875,
        "и": 6.5531768798828125,
        "й": 6.5531768798828125,
        "к": 5.3351898193359375,
        "л": 6.77178955078125,
        "м": 7.88568115234375,
        "н": 6.43865966796875,
        "о": 6.51153564453125,
        "п": 6.43865966796875,
        "р": 6.51153564453125,
        "с": 5.9285736083984375,